test_id,answer
test_0001,p1
test_0001,p2
test_0002,p1
test_0002,p2
test_0003,p1
test_0003,p3
test_0004,p1
test_0005,p2
test_0006,p2
test_0007,p1
test_0007,p2
test_0007,p6
test_0007,p7
test_0008,p1
test_0008,p2
test_0009,p2
test_0009,p7
test_0012,p1
test_0013,p5
test_0014,p1
test_0014,p2
test_0015,p3
test_0016,p1
test_0017,p1
test_0017,p3
test_0019,p1
test_0020,p1
test_0020,p5
test_0021,p2
test_0021,p3
test_0022,p3
test_0023,p2
test_0025,p5
test_0026,p2
test_0027,p2
test_0027,p3
test_0027,p4
test_0029,p3
test_0029,p4
test_0030,p1
test_0032,p1
test_0033,p2
test_0033,p3
test_0034,p4
test_0035,p1
test_0037,p1
test_0041,p1
test_0043,p1
test_0043,p2
test_0044,p1
test_0044,p3
test_0045,p2
test_0045,p3
test_0046,p1
test_0047,p3
test_0048,p2
test_0049,p1
test_0050,p3
test_0051,p1
test_0052,p5
test_0053,p1
test_0054,p5
test_0056,p1
test_0056,p2
test_0056,p3
test_0057,p1
test_0058,p1
test_0058,p2
test_0058,p3
test_0058,p4
test_0059,p1
test_0060,p5
test_0060,p6
test_0060,p7
test_0061,p1
test_0061,p2
test_0062,p1
test_0063,p1
test_0064,p3
test_0065,p2
test_0067,p1
test_0067,p2
test_0068,p5
test_0069,p1
test_0069,p2
test_0069,p3
test_0069,p4
test_0070,p2
test_0072,p1
test_0072,p2
test_0073,p1
test_0074,p1
test_0075,p1
test_0075,p3
test_0076,p5
test_0076,p6
test_0077,p1
test_0080,p1
test_0080,p2
test_0082,p1
test_0082,p3
test_0083,p1
test_0083,p2
test_0084,p1
test_0084,p2
test_0085,p1
test_0086,p1
test_0086,p6
test_0087,p7
test_0088,p1
test_0088,p2
test_0088,p4
test_0089,p1
test_0090,p5
test_0091,p2
test_0092,p1
test_0092,p2
test_0092,p3
test_0093,p2
test_0093,p3
test_0093,p4
test_0093,p6
test_0097,p1
test_0098,p2
test_0098,p4
test_0098,p6
test_0099,p1
test_0101,p1
test_0101,p2
test_0102,p2
test_0104,p1
test_0105,p1
test_0105,p2
test_0105,p3
test_0105,p4
test_0106,p5
test_0107,p1
test_0108,p2
test_0108,p3
test_0109,p1
test_0109,p2
test_0110,p1
test_0111,p1
test_0111,p2
test_0112,p1
test_0112,p2
test_0114,p2
test_0114,p3
test_0115,p1
test_0116,p1
test_0116,p6
test_0117,p1
test_0117,p3
test_0118,p1
test_0120,p1
test_0120,p2
test_0120,p3
test_0121,p5
test_0122,p1
test_0123,p2
test_0124,p3
test_0125,p1
test_0125,p2
test_0125,p6
test_0127,p1
test_0127,p2
test_0127,p3
test_0127,p4
test_0128,p3
test_0129,p1
test_0129,p5
test_0130,p4
test_0131,p4
test_0131,p6
test_0132,p1
test_0132,p3
test_0132,p6
test_0133,p1
test_0134,p1
test_0135,p1
test_0136,p1
test_0136,p3
test_0137,p1
test_0138,p1
test_0139,p1
test_0140,p3
test_0141,p1
test_0141,p4
test_0142,p1
test_0143,p1
test_0143,p2
test_0144,p2
test_0144,p3
test_0144,p5
test_0146,p1
test_0147,p1
test_0147,p2
test_0148,p1
test_0149,p1
test_0150,p1
test_0151,p1
test_0151,p2
test_0154,p1
test_0156,p4
test_0157,p1
test_0157,p7
test_0158,p1
test_0158,p4
test_0160,p5
test_0160,p6
test_0162,p1
test_0162,p5
test_0163,p1
test_0164,p1
test_0164,p2
test_0164,p7
test_0165,p1
test_0165,p2
test_0166,p1
test_0168,p1
test_0168,p3
test_0168,p4
test_0169,p1
test_0169,p5
test_0170,p1
test_0170,p2
test_0170,p5
test_0171,p1
test_0171,p2
test_0172,p1
test_0173,p1
test_0174,p2
test_0174,p4
test_0175,p5
test_0176,p1
test_0176,p2
test_0177,p1
test_0177,p2
test_0178,p1
test_0178,p2
test_0178,p3
test_0179,p6
test_0180,p6
test_0181,p1
test_0182,p1
test_0184,p1
test_0185,p1
test_0186,p4
test_0187,p1
test_0188,p1
test_0189,p1
test_0189,p2
test_0190,p1
test_0190,p2
test_0191,p5
test_0192,p3
test_0193,p1
test_0193,p2
test_0194,p1
test_0194,p2
test_0195,p1
test_0195,p2
test_0196,p4
test_0198,p1
test_0200,p1
test_0200,p2
test_0200,p3
test_0201,p5
test_0202,p1
test_0202,p2
test_0202,p3
test_0203,p1
test_0206,p1
test_0207,p3
test_0208,p1
test_0208,p2
test_0208,p3
test_0211,p1
test_0211,p4
test_0212,p1
test_0213,p6
test_0214,p1
test_0215,p6
test_0216,p3
test_0216,p4
test_0216,p6
test_0216,p7
test_0217,p1
test_0218,p1
test_0218,p2
test_0218,p3
test_0219,p4
test_0219,p6
test_0220,p3
test_0222,p1
test_0223,p1
test_0224,p2
test_0224,p5
test_0225,p1
test_0226,p2
test_0227,p5
test_0227,p6
test_0227,p7
test_0228,p1
test_0229,p2
test_0230,p1
test_0231,p2
test_0232,p1
test_0232,p2
test_0232,p4
test_0232,p5
test_0233,p1
test_0235,p3
test_0236,p5
test_0237,p1
test_0238,p6
test_0240,p1
test_0240,p3
test_0241,p3
test_0242,p1
test_0242,p2
test_0242,p3
test_0243,p6
test_0244,p1
test_0245,p1
test_0245,p4
test_0246,p1
test_0247,p1
test_0248,p3
test_0249,p2
test_0250,p1
test_0250,p2
test_0251,p1
test_0251,p2
test_0251,p3
test_0252,p1
test_0254,p1
test_0254,p2
test_0254,p5
test_0255,p4
test_0257,p1
test_0258,p1
test_0259,p4
test_0260,p6
test_0261,p1
test_0261,p2
test_0261,p3
test_0262,p1
test_0263,p1
test_0265,p2
test_0265,p3
test_0267,p1
test_0267,p4
test_0268,p1
test_0268,p2
test_0269,p1
test_0269,p2
test_0269,p3
test_0272,p1
test_0272,p2
test_0272,p3
test_0272,p6
test_0273,p3
test_0276,p1
test_0276,p3
test_0278,p1
test_0278,p2
test_0279,p1
test_0279,p3
test_0280,p2
test_0280,p3
test_0280,p4
test_0281,p1
test_0282,p1
test_0282,p2
test_0282,p4
test_0282,p6
test_0283,p3
test_0284,p1
test_0284,p2
test_0285,p2
test_0285,p3
test_0285,p4
test_0285,p6
test_0286,p2
test_0287,p1
test_0287,p3
test_0287,p5
test_0289,p1
test_0290,p4
test_0290,p5
test_0290,p6
test_0291,p1
test_0292,p5
test_0293,p1
test_0293,p2
test_0294,p1
test_0294,p5
test_0294,p6
test_0294,p7
test_0295,p4
test_0296,p5
test_0297,p6
test_0298,p1
test_0299,p1
test_0300,p1
test_0300,p2
test_0301,p1
test_0301,p2
test_0301,p3
test_0301,p4
test_0302,p1
test_0302,p2
test_0303,p4
test_0304,p1
test_0304,p2
test_0305,p1
test_0307,p1
test_0307,p2
test_0308,p2
test_0309,p1
test_0309,p2
test_0310,p1
test_0310,p2
test_0310,p3
test_0311,p1
test_0312,p1
test_0312,p2
test_0313,p1
test_0313,p2
test_0313,p3
test_0314,p1
test_0315,p1
test_0315,p2
test_0315,p4
test_0316,p1
test_0316,p6
test_0318,p1
test_0319,p6
test_0320,p6
test_0321,p3
test_0321,p5
test_0321,p6
test_0322,p1
test_0322,p2
test_0323,p1
test_0324,p1
test_0325,p2
test_0325,p3
test_0326,p1
test_0326,p3
test_0326,p4
test_0327,p1
test_0328,p1
test_0328,p2
test_0328,p3
test_0328,p12
test_0329,p5
test_0330,p2
test_0332,p1
test_0333,p5
test_0333,p6
test_0334,p3
test_0335,p5
test_0336,p1
test_0337,p1
test_0338,p2
test_0339,p1
test_0339,p2
test_0340,p4
test_0340,p5
test_0341,p1
test_0343,p1
test_0343,p2
test_0343,p3
test_0345,p3
test_0346,p2
test_0346,p3
test_0347,p1
test_0347,p2
test_0347,p6
test_0350,p1
test_0351,p4
test_0351,p5
test_0352,p1
test_0354,p1
test_0354,p2
test_0354,p3
test_0354,p4
test_0355,p1
test_0356,p1
test_0358,p1
test_0358,p7
test_0359,p1
test_0360,p2
test_0361,p1
test_0361,p2
test_0362,p1
test_0363,p5
test_0365,p1
test_0365,p6
test_0366,p1
test_0366,p2
test_0366,p3
test_0366,p4
test_0368,p1
test_0369,p1
test_0369,p4
test_0370,p1
test_0371,p1
test_0371,p4
test_0372,p1
test_0373,p1
test_0374,p2
test_0375,p3
test_0376,p2
test_0376,p6
test_0377,p1
test_0377,p2
test_0378,p1
test_0378,p4
test_0379,p1
test_0379,p2
test_0380,p3
test_0380,p4
test_0381,p1
test_0382,p4
test_0384,p1
test_0384,p2
test_0384,p4
test_0386,p1
test_0386,p6
test_0387,p1
test_0387,p2
test_0387,p3
test_0388,p1
test_0388,p3
test_0389,p1
test_0389,p4
test_0390,p1
test_0390,p2
test_0390,p3
test_0391,p1
test_0392,p1
test_0394,p2
test_0395,p1
test_0396,p3
test_0397,p2
test_0398,p1
test_0399,p1
test_0400,p1
test_0400,p2
test_0401,p1
test_0401,p2
test_0404,p1
test_0404,p2
test_0404,p4
test_0404,p6
test_0407,p1
test_0407,p3
test_0408,p2
test_0408,p6
test_0409,p1
test_0410,p4
test_0410,p5
test_0411,p1
test_0411,p3
test_0412,p1
test_0412,p5
test_0413,p2
test_0414,p1
test_0415,p3
test_0417,p1
test_0419,p1
test_0419,p3
test_0420,p2
test_0421,p5
test_0423,p1
test_0425,p1
test_0426,p1
test_0427,p2
test_0428,p2
test_0428,p3
test_0429,p6
test_0430,p1
test_0430,p6
test_0431,p3
test_0432,p1
test_0432,p2
test_0433,p1
test_0433,p2
test_0434,p4
test_0434,p5
test_0434,p6
test_0435,p1
test_0436,p3
test_0437,p1
test_0437,p2
test_0438,p1
test_0439,p1
test_0440,p1
test_0440,p6
test_0441,p2
test_0441,p3
test_0442,p1
test_0443,p1
test_0443,p2
test_0444,p1
test_0444,p2
test_0444,p3
test_0444,p4
test_0444,p5
test_0445,p1
test_0446,p3
test_0446,p4
test_0447,p3
test_0448,p2
test_0449,p1
test_0451,p6
test_0452,p1
test_0453,p1
test_0454,p1
test_0454,p2
test_0455,p1
test_0455,p2
test_0455,p6
test_0456,p2
test_0459,p5
test_0459,p6
test_0460,p1
test_0460,p5
test_0463,p1
test_0464,p1
test_0465,p1
test_0465,p2
test_0465,p3
test_0465,p4
test_0465,p5
test_0466,p3
test_0468,p1
test_0470,p1
test_0470,p2
test_0471,p3
test_0473,p1
test_0474,p1
test_0474,p2
test_0474,p3
test_0474,p4
test_0475,p1
test_0475,p2
test_0475,p4
test_0478,p1
test_0478,p2
test_0478,p3
test_0479,p1
test_0479,p2
test_0479,p4
test_0479,p6
test_0480,p1
test_0480,p3
test_0481,p1
test_0483,p2
test_0484,p1
test_0484,p2
test_0484,p3
test_0484,p4
test_0485,p2
test_0485,p5
test_0486,p1
test_0487,p2
test_0487,p3
test_0488,p1
test_0488,p2
test_0489,p1
test_0490,p1
test_0490,p3
test_0490,p4
test_0491,p1
test_0491,p2
test_0492,p1
test_0493,p1
test_0493,p2
test_0494,p1
test_0494,p2
test_0495,p1
test_0495,p2
test_0497,p2
test_0497,p4
test_0498,p1
test_0499,p4
test_0499,p5
test_0500,p1
test_0500,p2
test_0501,p1
test_0501,p2
test_0501,p3
